;name;crop;crop_type;r²;rmse;p_best;x0;x1;y0;salinity;rel_yield
0;Cucumber_15000_Pusa Uday;Pusa Uday;Cucumber;0.3689681935901848;11.659942771092382;[1.16052383e-17 1.87987013e-01 5.31951641e+00];1.160523829594633e-17;5.319516407599308;0.187987012987013;[0. 2. 4. 6.];[1.         0.44545455 0.14545455 0.        ]
